{
  "overall": {
    "pii_precision_micro": 0.3392857142857143,
    "pii_recall_micro": 0.6162162162162163,
    "pii_f1_micro": 0.43761996161228406,
    "overall_precision_micro": 0.2956989247311828,
    "overall_recall_micro": 0.4435483870967742,
    "overall_f1_micro": 0.3548387096774194
  },
  "per_entity": {
    "CITY": {
      "precision": 0.1388888888888889,
      "recall": 0.16666666666666666,
      "f1": 0.1515151515151515
    },
    "CREDIT_CARD": {
      "precision": 0.35365853658536583,
      "recall": 0.6904761904761905,
      "f1": 0.46774193548387094
    },
    "DATE": {
      "precision": 0.0,
      "recall": 0.0,
      "f1": 0.0
    },
    "EMAIL": {
      "precision": 0.36904761904761907,
      "recall": 0.775,
      "f1": 0.5000000000000001
    },
    "LOCATION": {
      "precision": 0.0,
      "recall": 0.0,
      "f1": 0.0
    },
    "PERSON_NAME": {
      "precision": 0.22807017543859648,
      "recall": 0.5909090909090909,
      "f1": 0.32911392405063294
    },
    "PHONE": {
      "precision": 0.3047619047619048,
      "recall": 0.6037735849056604,
      "f1": 0.4050632911392405
    }
  },
  "latency": {
    "p50_ms": 3.6,
    "p95_ms": 4.73,
    "runs": 30
  }
}