{
  "macro_f1": 0.6668252819594879,
  "overall_precision": 0.5980066445182725,
  "overall_recall": 0.7346938775510204,
  "overall_f1": 0.6593406593406594,
  "per_entity": {
    "CITY": {
      "precision": 0.5789473684210527,
      "recall": 0.9705882352941176,
      "f1": 0.7252747252747253
    },
    "CREDIT_CARD": {
      "precision": 0.6727272727272727,
      "recall": 0.8409090909090909,
      "f1": 0.7474747474747475
    },
    "DATE": {
      "precision": 0.92,
      "recall": 0.9583333333333334,
      "f1": 0.9387755102040817
    },
    "EMAIL": {
      "precision": 0.64,
      "recall": 0.7619047619047619,
      "f1": 0.6956521739130435
    },
    "LOCATION": {
      "precision": 0.3333333333333333,
      "recall": 0.3548387096774194,
      "f1": 0.34375
    },
    "PERSON_NAME": {
      "precision": 0.7096774193548387,
      "recall": 0.7586206896551724,
      "f1": 0.7333333333333333
    },
    "PHONE": {
      "precision": 0.44,
      "recall": 0.5365853658536586,
      "f1": 0.4835164835164836
    }
  },
  "pii": {
    "precision": 0.6445497630331753,
    "recall": 0.7555555555555555,
    "f1": 0.6956521739130435
  },
  "non_pii": {
    "precision": 0.4888888888888889,
    "recall": 0.676923076923077,
    "f1": 0.567741935483871
  }
}