{
  "overall": {
    "pii_precision_micro": 0.3026315789473684,
    "pii_recall_micro": 0.372972972972973,
    "pii_f1_micro": 0.33414043583535114,
    "overall_precision_micro": 0.2324561403508772,
    "overall_recall_micro": 0.21370967741935484,
    "overall_f1_micro": 0.22268907563025211
  },
  "per_entity": {
    "CITY": {
      "precision": 0.0,
      "recall": 0.0,
      "f1": 0.0
    },
    "CREDIT_CARD": {
      "precision": 0.3173076923076923,
      "recall": 0.7857142857142857,
      "f1": 0.45205479452054786
    },
    "DATE": {
      "precision": 0.0,
      "recall": 0.0,
      "f1": 0.0
    },
    "EMAIL": {
      "precision": 0.10344827586206896,
      "recall": 0.15,
      "f1": 0.12244897959183673
    },
    "LOCATION": {
      "precision": 0.0,
      "recall": 0.0,
      "f1": 0.0
    },
    "PERSON_NAME": {
      "precision": 0.0,
      "recall": 0.0,
      "f1": 0.0
    },
    "PHONE": {
      "precision": 0.21212121212121213,
      "recall": 0.2641509433962264,
      "f1": 0.23529411764705882
    }
  },
  "latency": {
    "p50_ms": 6.57,
    "p95_ms": 9.87,
    "runs": 30
  }
}