{
  "overall": {
    "pii_precision_micro": 0.2323943661971831,
    "pii_recall_micro": 0.36666666666666664,
    "pii_f1_micro": 0.28448275862068967,
    "overall_precision_micro": 0.18661971830985916,
    "overall_recall_micro": 0.2163265306122449,
    "overall_f1_micro": 0.2003780718336484
  },
  "per_entity": {
    "CITY": {
      "precision": 0.0,
      "recall": 0.0,
      "f1": 0.0
    },
    "CREDIT_CARD": {
      "precision": 0.28703703703703703,
      "recall": 0.7045454545454546,
      "f1": 0.40789473684210525
    },
    "DATE": {
      "precision": 0.0,
      "recall": 0.0,
      "f1": 0.0
    },
    "EMAIL": {
      "precision": 0.029411764705882353,
      "recall": 0.07142857142857142,
      "f1": 0.041666666666666664
    },
    "LOCATION": {
      "precision": 0.0,
      "recall": 0.0,
      "f1": 0.0
    },
    "PERSON_NAME": {
      "precision": 0.0,
      "recall": 0.0,
      "f1": 0.0
    },
    "PHONE": {
      "precision": 0.25675675675675674,
      "recall": 0.4634146341463415,
      "f1": 0.33043478260869563
    }
  },
  "latency": {
    "p50_ms": 5.31,
    "p95_ms": 5.89,
    "runs": 30
  }
}