{
  "macro_f1": 0.14033894259458168,
  "overall_precision": 0.23008849557522124,
  "overall_recall": 0.31451612903225806,
  "overall_f1": 0.26575809199318573,
  "per_entity": {
    "CITY": {
      "precision": 0.0,
      "recall": 0.0,
      "f1": 0.0
    },
    "CREDIT_CARD": {
      "precision": 0.1746031746031746,
      "recall": 0.5238095238095238,
      "f1": 0.2619047619047619
    },
    "DATE": {
      "precision": 0.0,
      "recall": 0.0,
      "f1": 0.0
    },
    "EMAIL": {
      "precision": 0.22105263157894736,
      "recall": 0.525,
      "f1": 0.31111111111111106
    },
    "LOCATION": {
      "precision": 0.0,
      "recall": 0.0,
      "f1": 0.0
    },
    "PERSON_NAME": {
      "precision": 0.0,
      "recall": 0.0,
      "f1": 0.0
    },
    "PHONE": {
      "precision": 0.2966101694915254,
      "recall": 0.660377358490566,
      "f1": 0.4093567251461988
    }
  },
  "pii": {
    "precision": 0.26843657817109146,
    "recall": 0.4918918918918919,
    "f1": 0.3473282442748092
  },
  "non_pii": {
    "precision": 0.0,
    "recall": 0.0,
    "f1": 0.0
  }
}