{
  "overall": {
    "pii_precision_micro": 0.42424242424242425,
    "pii_recall_micro": 0.7,
    "pii_f1_micro": 0.5283018867924527,
    "overall_precision_micro": 0.3558282208588957,
    "overall_recall_micro": 0.47346938775510206,
    "overall_f1_micro": 0.4063047285464098
  },
  "per_entity": {
    "CITY": {
      "precision": 0.06896551724137931,
      "recall": 0.058823529411764705,
      "f1": 0.0634920634920635
    },
    "CREDIT_CARD": {
      "precision": 0.4375,
      "recall": 0.7954545454545454,
      "f1": 0.5645161290322581
    },
    "DATE": {
      "precision": 0.0,
      "recall": 0.0,
      "f1": 0.0
    },
    "EMAIL": {
      "precision": 0.38613861386138615,
      "recall": 0.9285714285714286,
      "f1": 0.5454545454545454
    },
    "LOCATION": {
      "precision": 0.0,
      "recall": 0.0,
      "f1": 0.0
    },
    "PERSON_NAME": {
      "precision": 0.5769230769230769,
      "recall": 0.5172413793103449,
      "f1": 0.5454545454545454
    },
    "PHONE": {
      "precision": 0.2777777777777778,
      "recall": 0.6097560975609756,
      "f1": 0.3816793893129771
    }
  },
  "latency": {
    "p50_ms": 4.47,
    "p95_ms": 5.43,
    "runs": 30
  }
}