{
  "macro_f1": 0.6930236999593719,
  "overall_precision": 0.6338028169014085,
  "overall_recall": 0.7258064516129032,
  "overall_f1": 0.6766917293233083,
  "per_entity": {
    "CITY": {
      "precision": 0.7714285714285715,
      "recall": 0.9,
      "f1": 0.8307692307692307
    },
    "CREDIT_CARD": {
      "precision": 0.5625,
      "recall": 0.8571428571428571,
      "f1": 0.6792452830188678
    },
    "DATE": {
      "precision": 1.0,
      "recall": 1.0,
      "f1": 1.0
    },
    "EMAIL": {
      "precision": 0.5517241379310345,
      "recall": 0.8,
      "f1": 0.6530612244897959
    },
    "LOCATION": {
      "precision": 0.6176470588235294,
      "recall": 0.6363636363636364,
      "f1": 0.6268656716417911
    },
    "PERSON_NAME": {
      "precision": 0.6,
      "recall": 0.5454545454545454,
      "f1": 0.5714285714285713
    },
    "PHONE": {
      "precision": 0.5333333333333333,
      "recall": 0.4528301886792453,
      "f1": 0.4897959183673469
    }
  },
  "pii": {
    "precision": 0.6139534883720931,
    "recall": 0.7135135135135136,
    "f1": 0.6599999999999999
  },
  "non_pii": {
    "precision": 0.6956521739130435,
    "recall": 0.7619047619047619,
    "f1": 0.7272727272727272
  }
}