{
  "overall": {
    "pii_precision_micro": 0.4141791044776119,
    "pii_recall_micro": 0.6166666666666667,
    "pii_f1_micro": 0.49553571428571425,
    "overall_precision_micro": 0.3576388888888889,
    "overall_recall_micro": 0.4204081632653061,
    "overall_f1_micro": 0.38649155722326456
  },
  "per_entity": {
    "CITY": {
      "precision": 0.25,
      "recall": 0.14705882352941177,
      "f1": 0.18518518518518517
    },
    "CREDIT_CARD": {
      "precision": 0.4915254237288136,
      "recall": 0.6590909090909091,
      "f1": 0.5631067961165048
    },
    "DATE": {
      "precision": 0.56,
      "recall": 0.5833333333333334,
      "f1": 0.5714285714285714
    },
    "EMAIL": {
      "precision": 0.2627118644067797,
      "recall": 0.7380952380952381,
      "f1": 0.38750000000000007
    },
    "LOCATION": {
      "precision": 0.0,
      "recall": 0.0,
      "f1": 0.0
    },
    "PERSON_NAME": {
      "precision": 0.45454545454545453,
      "recall": 0.1724137931034483,
      "f1": 0.25000000000000006
    },
    "PHONE": {
      "precision": 0.34545454545454546,
      "recall": 0.4634146341463415,
      "f1": 0.39583333333333337
    }
  },
  "latency": {
    "p50_ms": 75.55,
    "p95_ms": 85.31,
    "runs": 30
  }
}