{
  "macro_f1": 0.2484973407007305,
  "overall_precision": 0.27218934911242604,
  "overall_recall": 0.39316239316239315,
  "overall_f1": 0.32167832167832167,
  "per_entity": {
    "CITY": {
      "precision": 0.08333333333333333,
      "recall": 0.07142857142857142,
      "f1": 0.07692307692307691
    },
    "CREDIT_CARD": {
      "precision": 0.33766233766233766,
      "recall": 0.6341463414634146,
      "f1": 0.44067796610169496
    },
    "DATE": {
      "precision": 0.2,
      "recall": 0.2,
      "f1": 0.20000000000000004
    },
    "EMAIL": {
      "precision": 0.32142857142857145,
      "recall": 0.9473684210526315,
      "f1": 0.48
    },
    "LOCATION": {
      "precision": 0.14285714285714285,
      "recall": 0.125,
      "f1": 0.13333333333333333
    },
    "PERSON_NAME": {
      "precision": 0.14285714285714285,
      "recall": 0.043478260869565216,
      "f1": 0.06666666666666667
    },
    "PHONE": {
      "precision": 0.26666666666666666,
      "recall": 0.47619047619047616,
      "f1": 0.34188034188034183
    }
  },
  "pii": {
    "precision": 0.42662116040955633,
    "recall": 0.6868131868131868,
    "f1": 0.5263157894736842
  },
  "non_pii": {
    "precision": 0.1111111111111111,
    "recall": 0.09615384615384616,
    "f1": 0.10309278350515465
  }
}