{
  "overall": {
    "pii_precision_micro": 0.4409722222222222,
    "pii_recall_micro": 0.7055555555555556,
    "pii_f1_micro": 0.5427350427350428,
    "overall_precision_micro": 0.3649851632047478,
    "overall_recall_micro": 0.5020408163265306,
    "overall_f1_micro": 0.422680412371134
  },
  "per_entity": {
    "CITY": {
      "precision": 0.16326530612244897,
      "recall": 0.23529411764705882,
      "f1": 0.19277108433734938
    },
    "CREDIT_CARD": {
      "precision": 0.44871794871794873,
      "recall": 0.7954545454545454,
      "f1": 0.5737704918032787
    },
    "DATE": {
      "precision": 0.0,
      "recall": 0.0,
      "f1": 0.0
    },
    "EMAIL": {
      "precision": 0.4105263157894737,
      "recall": 0.9285714285714286,
      "f1": 0.5693430656934306
    },
    "LOCATION": {
      "precision": 0.0,
      "recall": 0.0,
      "f1": 0.0
    },
    "PERSON_NAME": {
      "precision": 0.5555555555555556,
      "recall": 0.5172413793103449,
      "f1": 0.5357142857142857
    },
    "PHONE": {
      "precision": 0.29545454545454547,
      "recall": 0.6341463414634146,
      "f1": 0.40310077519379844
    }
  },
  "latency": {
    "p50_ms": 4.65,
    "p95_ms": 5.79,
    "runs": 30
  }
}