{
  "overall": {
    "pii_precision_micro": 0.6186046511627907,
    "pii_recall_micro": 0.7189189189189189,
    "pii_f1_micro": 0.665,
    "overall_precision_micro": 0.6714285714285714,
    "overall_recall_micro": 0.7580645161290323,
    "overall_f1_micro": 0.7121212121212119
  },
  "per_entity": {
    "CITY": {
      "precision": 0.84375,
      "recall": 0.9,
      "f1": 0.870967741935484
    },
    "CREDIT_CARD": {
      "precision": 0.5737704918032787,
      "recall": 0.8333333333333334,
      "f1": 0.6796116504854368
    },
    "DATE": {
      "precision": 0.9642857142857143,
      "recall": 0.9642857142857143,
      "f1": 0.9642857142857143
    },
    "EMAIL": {
      "precision": 0.6363636363636364,
      "recall": 0.875,
      "f1": 0.7368421052631579
    },
    "LOCATION": {
      "precision": 0.8484848484848485,
      "recall": 0.8484848484848485,
      "f1": 0.8484848484848486
    },
    "PERSON_NAME": {
      "precision": 0.6190476190476191,
      "recall": 0.5909090909090909,
      "f1": 0.6046511627906977
    },
    "PHONE": {
      "precision": 0.46,
      "recall": 0.4339622641509434,
      "f1": 0.44660194174757284
    }
  },
  "latency": {
    "p50_ms": 31.52,
    "p95_ms": 44.97,
    "runs": 30
  }
}