{
  "overall": {
    "pii_precision_micro": 0.6146788990825688,
    "pii_recall_micro": 0.7243243243243244,
    "pii_f1_micro": 0.6650124069478909,
    "overall_precision_micro": 0.6433566433566433,
    "overall_recall_micro": 0.7419354838709677,
    "overall_f1_micro": 0.6891385767790262
  },
  "per_entity": {
    "CITY": {
      "precision": 0.7941176470588235,
      "recall": 0.9,
      "f1": 0.84375
    },
    "CREDIT_CARD": {
      "precision": 0.5645161290322581,
      "recall": 0.8333333333333334,
      "f1": 0.6730769230769231
    },
    "DATE": {
      "precision": 0.9642857142857143,
      "recall": 0.9642857142857143,
      "f1": 0.9642857142857143
    },
    "EMAIL": {
      "precision": 0.5932203389830508,
      "recall": 0.875,
      "f1": 0.707070707070707
    },
    "LOCATION": {
      "precision": 0.7058823529411765,
      "recall": 0.7272727272727273,
      "f1": 0.7164179104477613
    },
    "PERSON_NAME": {
      "precision": 0.6190476190476191,
      "recall": 0.5909090909090909,
      "f1": 0.6046511627906977
    },
    "PHONE": {
      "precision": 0.4791666666666667,
      "recall": 0.4339622641509434,
      "f1": 0.4554455445544555
    }
  },
  "latency": {
    "p50_ms": 28.56,
    "p95_ms": 35.74,
    "runs": 30
  }
}