{
  "macro_f1": 0.5277297283922951,
  "overall_precision": 0.5046153846153846,
  "overall_recall": 0.6693877551020408,
  "overall_f1": 0.575438596491228,
  "per_entity": {
    "CITY": {
      "precision": 0.4473684210526316,
      "recall": 1.0,
      "f1": 0.6181818181818182
    },
    "CREDIT_CARD": {
      "precision": 0.6842105263157895,
      "recall": 0.8863636363636364,
      "f1": 0.7722772277227723
    },
    "DATE": {
      "precision": 0.3076923076923077,
      "recall": 0.3333333333333333,
      "f1": 0.32
    },
    "EMAIL": {
      "precision": 0.7209302325581395,
      "recall": 0.7380952380952381,
      "f1": 0.7294117647058824
    },
    "LOCATION": {
      "precision": 0.0,
      "recall": 0.0,
      "f1": 0.0
    },
    "PERSON_NAME": {
      "precision": 0.7333333333333333,
      "recall": 0.7586206896551724,
      "f1": 0.7457627118644068
    },
    "PHONE": {
      "precision": 0.38961038961038963,
      "recall": 0.7317073170731707,
      "f1": 0.5084745762711864
    }
  },
  "pii": {
    "precision": 0.5579399141630901,
    "recall": 0.7222222222222222,
    "f1": 0.6295399515738499
  },
  "non_pii": {
    "precision": 0.5108695652173914,
    "recall": 0.7230769230769231,
    "f1": 0.5987261146496816
  }
}