{
  "overall": {
    "pii_precision_micro": 0.5439330543933054,
    "pii_recall_micro": 0.7222222222222222,
    "pii_f1_micro": 0.620525059665871,
    "overall_precision_micro": 0.4924924924924925,
    "overall_recall_micro": 0.6693877551020408,
    "overall_f1_micro": 0.5674740484429065
  },
  "per_entity": {
    "CITY": {
      "precision": 0.4657534246575342,
      "recall": 1.0,
      "f1": 0.6355140186915887
    },
    "CREDIT_CARD": {
      "precision": 0.639344262295082,
      "recall": 0.8863636363636364,
      "f1": 0.742857142857143
    },
    "DATE": {
      "precision": 0.28,
      "recall": 0.2916666666666667,
      "f1": 0.2857142857142857
    },
    "EMAIL": {
      "precision": 0.7209302325581395,
      "recall": 0.7380952380952381,
      "f1": 0.7294117647058824
    },
    "LOCATION": {
      "precision": 0.0,
      "recall": 0.0,
      "f1": 0.0
    },
    "PERSON_NAME": {
      "precision": 0.7333333333333333,
      "recall": 0.7586206896551724,
      "f1": 0.7457627118644068
    },
    "PHONE": {
      "precision": 0.3875,
      "recall": 0.7560975609756098,
      "f1": 0.5123966942148761
    }
  },
  "latency": {
    "p50_ms": 7.37,
    "p95_ms": 8.7,
    "runs": 30
  }
}