{
  "overall": {
    "pii_precision_micro": 0.34185303514376997,
    "pii_recall_micro": 0.5783783783783784,
    "pii_f1_micro": 0.42971887550200805,
    "overall_precision_micro": 0.2848101265822785,
    "overall_recall_micro": 0.3629032258064516,
    "overall_f1_micro": 0.3191489361702128
  },
  "per_entity": {
    "CITY": {
      "precision": 0.0,
      "recall": 0.0,
      "f1": 0.0
    },
    "CREDIT_CARD": {
      "precision": 0.25961538461538464,
      "recall": 0.6428571428571429,
      "f1": 0.3698630136986301
    },
    "DATE": {
      "precision": 0.0,
      "recall": 0.0,
      "f1": 0.0
    },
    "EMAIL": {
      "precision": 0.3047619047619048,
      "recall": 0.8,
      "f1": 0.4413793103448276
    },
    "LOCATION": {
      "precision": 0.0,
      "recall": 0.0,
      "f1": 0.0
    },
    "PERSON_NAME": {
      "precision": 0.1111111111111111,
      "recall": 0.045454545454545456,
      "f1": 0.06451612903225805
    },
    "PHONE": {
      "precision": 0.3157894736842105,
      "recall": 0.5660377358490566,
      "f1": 0.4054054054054054
    }
  },
  "latency": {
    "p50_ms": 3.67,
    "p95_ms": 4.51,
    "runs": 30
  }
}