{
  "overall": {
    "pii_precision_micro": 0.6994535519125683,
    "pii_recall_micro": 0.7111111111111111,
    "pii_f1_micro": 0.7052341597796143,
    "overall_precision_micro": 0.7549407114624506,
    "overall_recall_micro": 0.7795918367346939,
    "overall_f1_micro": 0.7670682730923695
  },
  "per_entity": {
    "CITY": {
      "precision": 0.9444444444444444,
      "recall": 1.0,
      "f1": 0.9714285714285714
    },
    "CREDIT_CARD": {
      "precision": 0.7659574468085106,
      "recall": 0.8181818181818182,
      "f1": 0.7912087912087913
    },
    "DATE": {
      "precision": 1.0,
      "recall": 1.0,
      "f1": 1.0
    },
    "EMAIL": {
      "precision": 0.6222222222222222,
      "recall": 0.6666666666666666,
      "f1": 0.6436781609195403
    },
    "LOCATION": {
      "precision": 0.8529411764705882,
      "recall": 0.9354838709677419,
      "f1": 0.8923076923076922
    },
    "PERSON_NAME": {
      "precision": 0.8181818181818182,
      "recall": 0.6206896551724138,
      "f1": 0.7058823529411765
    },
    "PHONE": {
      "precision": 0.4888888888888889,
      "recall": 0.5365853658536586,
      "f1": 0.5116279069767442
    }
  },
  "latency": {
    "p50_ms": 50.09,
    "p95_ms": 60.26,
    "runs": 30
  }
}