{
  "macro_f1": 0.9350443963571207,
  "overall_precision": 0.9183673469387755,
  "overall_recall": 0.9615384615384616,
  "overall_f1": 0.9394572025052192,
  "per_entity": {
    "CITY": {
      "precision": 0.8064516129032258,
      "recall": 0.8928571428571429,
      "f1": 0.8474576271186439
    },
    "CREDIT_CARD": {
      "precision": 0.975609756097561,
      "recall": 0.975609756097561,
      "f1": 0.975609756097561
    },
    "DATE": {
      "precision": 1.0,
      "recall": 1.0,
      "f1": 1.0
    },
    "EMAIL": {
      "precision": 1.0,
      "recall": 1.0,
      "f1": 1.0
    },
    "LOCATION": {
      "precision": 0.75,
      "recall": 0.875,
      "f1": 0.8076923076923077
    },
    "PERSON_NAME": {
      "precision": 0.8979591836734694,
      "recall": 0.9565217391304348,
      "f1": 0.9263157894736843
    },
    "PHONE": {
      "precision": 0.9767441860465116,
      "recall": 1.0,
      "f1": 0.988235294117647
    }
  },
  "pii": {
    "precision": 0.9623655913978495,
    "recall": 0.9835164835164835,
    "f1": 0.9728260869565217
  },
  "non_pii": {
    "precision": 0.7796610169491526,
    "recall": 0.8846153846153846,
    "f1": 0.8288288288288288
  }
}