{
  "macro_f1": 0.6004916046106707,
  "overall_precision": 0.5484949832775919,
  "overall_recall": 0.6612903225806451,
  "overall_f1": 0.5996343692870201,
  "per_entity": {
    "CITY": {
      "precision": 0.42028985507246375,
      "recall": 0.9666666666666667,
      "f1": 0.5858585858585859
    },
    "CREDIT_CARD": {
      "precision": 0.7169811320754716,
      "recall": 0.9047619047619048,
      "f1": 0.8
    },
    "DATE": {
      "precision": 0.6785714285714286,
      "recall": 0.6785714285714286,
      "f1": 0.6785714285714286
    },
    "EMAIL": {
      "precision": 0.7674418604651163,
      "recall": 0.825,
      "f1": 0.7951807228915662
    },
    "LOCATION": {
      "precision": 0.038461538461538464,
      "recall": 0.030303030303030304,
      "f1": 0.03389830508474576
    },
    "PERSON_NAME": {
      "precision": 0.8333333333333334,
      "recall": 0.9090909090909091,
      "f1": 0.8695652173913043
    },
    "PHONE": {
      "precision": 0.42857142857142855,
      "recall": 0.4528301886792453,
      "f1": 0.44036697247706424
    }
  },
  "pii": {
    "precision": 0.6568627450980392,
    "recall": 0.7243243243243244,
    "f1": 0.6889460154241646
  },
  "non_pii": {
    "precision": 0.3894736842105263,
    "recall": 0.5873015873015873,
    "f1": 0.46835443037974683
  }
}