{
  "macro_f1": 0.6663311478437529,
  "overall_precision": 0.6007067137809188,
  "overall_recall": 0.6854838709677419,
  "overall_f1": 0.64030131826742,
  "per_entity": {
    "CITY": {
      "precision": 0.7428571428571429,
      "recall": 0.8666666666666667,
      "f1": 0.8
    },
    "CREDIT_CARD": {
      "precision": 0.5873015873015873,
      "recall": 0.8809523809523809,
      "f1": 0.7047619047619047
    },
    "DATE": {
      "precision": 0.9642857142857143,
      "recall": 0.9642857142857143,
      "f1": 0.9642857142857143
    },
    "EMAIL": {
      "precision": 0.47058823529411764,
      "recall": 0.6,
      "f1": 0.5274725274725275
    },
    "LOCATION": {
      "precision": 0.5428571428571428,
      "recall": 0.5757575757575758,
      "f1": 0.5588235294117646
    },
    "PERSON_NAME": {
      "precision": 0.7,
      "recall": 0.6363636363636364,
      "f1": 0.6666666666666666
    },
    "PHONE": {
      "precision": 0.45098039215686275,
      "recall": 0.4339622641509434,
      "f1": 0.4423076923076923
    }
  },
  "pii": {
    "precision": 0.596244131455399,
    "recall": 0.6864864864864865,
    "f1": 0.6381909547738692
  },
  "non_pii": {
    "precision": 0.6428571428571429,
    "recall": 0.7142857142857143,
    "f1": 0.6766917293233083
  }
}