{
  "overall": {
    "pii_precision_micro": 0.956989247311828,
    "pii_recall_micro": 0.978021978021978,
    "pii_f1_micro": 0.967391304347826,
    "overall_precision_micro": 0.9338842975206612,
    "overall_recall_micro": 0.9658119658119658,
    "overall_f1_micro": 0.9495798319327732
  },
  "per_entity": {
    "CITY": {
      "precision": 0.9032258064516129,
      "recall": 1.0,
      "f1": 0.9491525423728813
    },
    "CREDIT_CARD": {
      "precision": 0.9523809523809523,
      "recall": 0.975609756097561,
      "f1": 0.963855421686747
    },
    "DATE": {
      "precision": 0.9333333333333333,
      "recall": 0.9333333333333333,
      "f1": 0.9333333333333333
    },
    "EMAIL": {
      "precision": 0.95,
      "recall": 1.0,
      "f1": 0.9743589743589743
    },
    "LOCATION": {
      "precision": 0.84,
      "recall": 0.875,
      "f1": 0.8571428571428572
    },
    "PERSON_NAME": {
      "precision": 0.9777777777777777,
      "recall": 0.9565217391304348,
      "f1": 0.967032967032967
    },
    "PHONE": {
      "precision": 0.9318181818181818,
      "recall": 0.9761904761904762,
      "f1": 0.9534883720930233
    }
  },
  "latency": {
    "p50_ms": 10.48,
    "p95_ms": 11.81,
    "runs": 30
  }
}