{
  "overall": {
    "pii_precision_micro": 0.45982142857142855,
    "pii_recall_micro": 0.5722222222222222,
    "pii_f1_micro": 0.5099009900990099,
    "overall_precision_micro": 0.43050847457627117,
    "overall_recall_micro": 0.5183673469387755,
    "overall_f1_micro": 0.4703703703703704
  },
  "per_entity": {
    "CITY": {
      "precision": 0.38028169014084506,
      "recall": 0.7941176470588235,
      "f1": 0.5142857142857142
    },
    "CREDIT_CARD": {
      "precision": 0.6071428571428571,
      "recall": 0.7727272727272727,
      "f1": 0.68
    },
    "DATE": {
      "precision": 0.1,
      "recall": 0.08333333333333333,
      "f1": 0.0909090909090909
    },
    "EMAIL": {
      "precision": 0.5833333333333334,
      "recall": 0.6666666666666666,
      "f1": 0.6222222222222222
    },
    "LOCATION": {
      "precision": 0.0,
      "recall": 0.0,
      "f1": 0.0
    },
    "PERSON_NAME": {
      "precision": 0.46875,
      "recall": 0.5172413793103449,
      "f1": 0.4918032786885246
    },
    "PHONE": {
      "precision": 0.3088235294117647,
      "recall": 0.5121951219512195,
      "f1": 0.3853211009174312
    }
  },
  "latency": {
    "p50_ms": 16.21,
    "p95_ms": 22.07,
    "runs": 30
  }
}