{
  "macro_f1": 0.08472160097654048,
  "overall_precision": 0.13504823151125403,
  "overall_recall": 0.1794871794871795,
  "overall_f1": 0.15412844036697249,
  "per_entity": {
    "CITY": {
      "precision": 0.0,
      "recall": 0.0,
      "f1": 0.0
    },
    "CREDIT_CARD": {
      "precision": 0.21428571428571427,
      "recall": 0.6585365853658537,
      "f1": 0.32335329341317365
    },
    "DATE": {
      "precision": 0.0,
      "recall": 0.0,
      "f1": 0.0
    },
    "EMAIL": {
      "precision": 0.03816793893129771,
      "recall": 0.13157894736842105,
      "f1": 0.0591715976331361
    },
    "LOCATION": {
      "precision": 0.0,
      "recall": 0.0,
      "f1": 0.0
    },
    "PERSON_NAME": {
      "precision": 0.0,
      "recall": 0.0,
      "f1": 0.0
    },
    "PHONE": {
      "precision": 0.18867924528301888,
      "recall": 0.23809523809523808,
      "f1": 0.21052631578947367
    }
  },
  "pii": {
    "precision": 0.2161290322580645,
    "recall": 0.36813186813186816,
    "f1": 0.2723577235772358
  },
  "non_pii": {
    "precision": 0.0,
    "recall": 0.0,
    "f1": 0.0
  }
}