{
  "macro_f1": 0.7350270682992143,
  "overall_precision": 0.6702508960573477,
  "overall_recall": 0.7540322580645161,
  "overall_f1": 0.7096774193548389,
  "per_entity": {
    "CITY": {
      "precision": 0.84375,
      "recall": 0.9,
      "f1": 0.870967741935484
    },
    "CREDIT_CARD": {
      "precision": 0.5737704918032787,
      "recall": 0.8333333333333334,
      "f1": 0.6796116504854368
    },
    "DATE": {
      "precision": 0.9642857142857143,
      "recall": 0.9642857142857143,
      "f1": 0.9642857142857143
    },
    "EMAIL": {
      "precision": 0.6481481481481481,
      "recall": 0.875,
      "f1": 0.7446808510638299
    },
    "LOCATION": {
      "precision": 0.7878787878787878,
      "recall": 0.7878787878787878,
      "f1": 0.7878787878787878
    },
    "PERSON_NAME": {
      "precision": 0.6666666666666666,
      "recall": 0.6363636363636364,
      "f1": 0.6511627906976744
    },
    "PHONE": {
      "precision": 0.46,
      "recall": 0.4339622641509434,
      "f1": 0.44660194174757284
    }
  },
  "pii": {
    "precision": 0.6261682242990654,
    "recall": 0.7243243243243244,
    "f1": 0.6716791979949874
  },
  "non_pii": {
    "precision": 0.8153846153846154,
    "recall": 0.8412698412698413,
    "f1": 0.8281250000000001
  }
}