{
  "overall": {
    "pii_precision_micro": 0.23355263157894737,
    "pii_recall_micro": 0.39444444444444443,
    "pii_f1_micro": 0.2933884297520661,
    "overall_precision_micro": 0.21052631578947367,
    "overall_recall_micro": 0.2612244897959184,
    "overall_f1_micro": 0.2331511839708561
  },
  "per_entity": {
    "CITY": {
      "precision": 0.0,
      "recall": 0.0,
      "f1": 0.0
    },
    "CREDIT_CARD": {
      "precision": 0.17355371900826447,
      "recall": 0.4772727272727273,
      "f1": 0.2545454545454546
    },
    "DATE": {
      "precision": 0.0,
      "recall": 0.0,
      "f1": 0.0
    },
    "EMAIL": {
      "precision": 0.379746835443038,
      "recall": 0.7142857142857143,
      "f1": 0.49586776859504145
    },
    "LOCATION": {
      "precision": 0.0,
      "recall": 0.0,
      "f1": 0.0
    },
    "PERSON_NAME": {
      "precision": 0.0,
      "recall": 0.0,
      "f1": 0.0
    },
    "PHONE": {
      "precision": 0.125,
      "recall": 0.3170731707317073,
      "f1": 0.1793103448275862
    }
  },
  "latency": {
    "p50_ms": 13.51,
    "p95_ms": 18.43,
    "runs": 30
  }
}