{
  "overall": {
    "pii_precision_micro": 0.14285714285714285,
    "pii_recall_micro": 0.13333333333333333,
    "pii_f1_micro": 0.1379310344827586,
    "overall_precision_micro": 0.10119047619047619,
    "overall_recall_micro": 0.06938775510204082,
    "overall_f1_micro": 0.08232445520581114
  },
  "per_entity": {
    "CITY": {
      "precision": 0.0,
      "recall": 0.0,
      "f1": 0.0
    },
    "CREDIT_CARD": {
      "precision": 0.013333333333333334,
      "recall": 0.022727272727272728,
      "f1": 0.016806722689075633
    },
    "DATE": {
      "precision": 0.0,
      "recall": 0.0,
      "f1": 0.0
    },
    "EMAIL": {
      "precision": 0.0,
      "recall": 0.0,
      "f1": 0.0
    },
    "LOCATION": {
      "precision": 0.0,
      "recall": 0.0,
      "f1": 0.0
    },
    "PERSON_NAME": {
      "precision": 0.0,
      "recall": 0.0,
      "f1": 0.0
    },
    "PHONE": {
      "precision": 0.17204301075268819,
      "recall": 0.3902439024390244,
      "f1": 0.23880597014925378
    }
  },
  "latency": {
    "p50_ms": 4.84,
    "p95_ms": 5.44,
    "runs": 30
  }
}