{
  "macro_f1": 0.9939209726443768,
  "overall_precision": 0.9872881355932204,
  "overall_recall": 0.9957264957264957,
  "overall_f1": 0.9914893617021276,
  "per_entity": {
    "CITY": {
      "precision": 1.0,
      "recall": 1.0,
      "f1": 1.0
    },
    "CREDIT_CARD": {
      "precision": 1.0,
      "recall": 1.0,
      "f1": 1.0
    },
    "DATE": {
      "precision": 1.0,
      "recall": 1.0,
      "f1": 1.0
    },
    "EMAIL": {
      "precision": 1.0,
      "recall": 1.0,
      "f1": 1.0
    },
    "LOCATION": {
      "precision": 1.0,
      "recall": 1.0,
      "f1": 1.0
    },
    "PERSON_NAME": {
      "precision": 0.9375,
      "recall": 0.9782608695652174,
      "f1": 0.9574468085106383
    },
    "PHONE": {
      "precision": 1.0,
      "recall": 1.0,
      "f1": 1.0
    }
  },
  "pii": {
    "precision": 0.9836956521739131,
    "recall": 0.9945054945054945,
    "f1": 0.9890710382513661
  },
  "non_pii": {
    "precision": 1.0,
    "recall": 1.0,
    "f1": 1.0
  }
}