{
  "overall": {
    "pii_precision_micro": 0.9836956521739131,
    "pii_recall_micro": 0.9945054945054945,
    "pii_f1_micro": 0.9890710382513661,
    "overall_precision_micro": 0.9872881355932204,
    "overall_recall_micro": 0.9957264957264957,
    "overall_f1_micro": 0.9914893617021276
  },
  "per_entity": {
    "CITY": {
      "precision": 1.0,
      "recall": 1.0,
      "f1": 1.0
    },
    "CREDIT_CARD": {
      "precision": 1.0,
      "recall": 1.0,
      "f1": 1.0
    },
    "DATE": {
      "precision": 1.0,
      "recall": 1.0,
      "f1": 1.0
    },
    "EMAIL": {
      "precision": 1.0,
      "recall": 1.0,
      "f1": 1.0
    },
    "LOCATION": {
      "precision": 1.0,
      "recall": 1.0,
      "f1": 1.0
    },
    "PERSON_NAME": {
      "precision": 0.9375,
      "recall": 0.9782608695652174,
      "f1": 0.9574468085106383
    },
    "PHONE": {
      "precision": 1.0,
      "recall": 1.0,
      "f1": 1.0
    }
  },
  "latency": {
    "p50_ms": 39.84,
    "p95_ms": 61.64,
    "runs": 30
  }
}