{
  "overall": {
    "pii_precision_micro": 0.956989247311828,
    "pii_recall_micro": 0.978021978021978,
    "pii_f1_micro": 0.967391304347826,
    "overall_precision_micro": 0.9180327868852459,
    "overall_recall_micro": 0.9572649572649573,
    "overall_f1_micro": 0.9372384937238495
  },
  "per_entity": {
    "CITY": {
      "precision": 0.8387096774193549,
      "recall": 0.9285714285714286,
      "f1": 0.8813559322033899
    },
    "CREDIT_CARD": {
      "precision": 0.9302325581395349,
      "recall": 0.975609756097561,
      "f1": 0.9523809523809524
    },
    "DATE": {
      "precision": 0.9333333333333333,
      "recall": 0.9333333333333333,
      "f1": 0.9333333333333333
    },
    "EMAIL": {
      "precision": 0.95,
      "recall": 1.0,
      "f1": 0.9743589743589743
    },
    "LOCATION": {
      "precision": 0.7777777777777778,
      "recall": 0.875,
      "f1": 0.823529411764706
    },
    "PERSON_NAME": {
      "precision": 0.9777777777777777,
      "recall": 0.9565217391304348,
      "f1": 0.967032967032967
    },
    "PHONE": {
      "precision": 0.9534883720930233,
      "recall": 0.9761904761904762,
      "f1": 0.9647058823529412
    }
  },
  "latency": {
    "p50_ms": 13.16,
    "p95_ms": 15.14,
    "runs": 30
  }
}