{
  "macro_f1": 0.5423517069953236,
  "overall_precision": 0.5066666666666667,
  "overall_recall": 0.6129032258064516,
  "overall_f1": 0.5547445255474452,
  "per_entity": {
    "CITY": {
      "precision": 0.4264705882352941,
      "recall": 0.9666666666666667,
      "f1": 0.5918367346938775
    },
    "CREDIT_CARD": {
      "precision": 0.6140350877192983,
      "recall": 0.8333333333333334,
      "f1": 0.7070707070707071
    },
    "DATE": {
      "precision": 0.4827586206896552,
      "recall": 0.5,
      "f1": 0.49122807017543857
    },
    "EMAIL": {
      "precision": 0.7560975609756098,
      "recall": 0.775,
      "f1": 0.7654320987654322
    },
    "LOCATION": {
      "precision": 0.0,
      "recall": 0.0,
      "f1": 0.0
    },
    "PERSON_NAME": {
      "precision": 0.8,
      "recall": 0.9090909090909091,
      "f1": 0.8510638297872342
    },
    "PHONE": {
      "precision": 0.35384615384615387,
      "recall": 0.4339622641509434,
      "f1": 0.3898305084745763
    }
  },
  "pii": {
    "precision": 0.5668202764976958,
    "recall": 0.6648648648648648,
    "f1": 0.6119402985074627
  },
  "non_pii": {
    "precision": 0.5542168674698795,
    "recall": 0.7301587301587301,
    "f1": 0.6301369863013699
  }
}