{
  "overall": {
    "pii_precision_micro": 0.5668202764976958,
    "pii_recall_micro": 0.6648648648648648,
    "pii_f1_micro": 0.6119402985074627,
    "overall_precision_micro": 0.5066666666666667,
    "overall_recall_micro": 0.6129032258064516,
    "overall_f1_micro": 0.5547445255474452
  },
  "per_entity": {
    "CITY": {
      "precision": 0.4264705882352941,
      "recall": 0.9666666666666667,
      "f1": 0.5918367346938775
    },
    "CREDIT_CARD": {
      "precision": 0.6140350877192983,
      "recall": 0.8333333333333334,
      "f1": 0.7070707070707071
    },
    "DATE": {
      "precision": 0.4827586206896552,
      "recall": 0.5,
      "f1": 0.49122807017543857
    },
    "EMAIL": {
      "precision": 0.7560975609756098,
      "recall": 0.775,
      "f1": 0.7654320987654322
    },
    "LOCATION": {
      "precision": 0.0,
      "recall": 0.0,
      "f1": 0.0
    },
    "PERSON_NAME": {
      "precision": 0.8,
      "recall": 0.9090909090909091,
      "f1": 0.8510638297872342
    },
    "PHONE": {
      "precision": 0.35384615384615387,
      "recall": 0.4339622641509434,
      "f1": 0.3898305084745763
    }
  },
  "latency": {
    "p50_ms": 6.02,
    "p95_ms": 7.47,
    "runs": 30
  }
}