{
  "macro_f1": 0.4529608182739625,
  "overall_precision": 0.4444444444444444,
  "overall_recall": 0.5483870967741935,
  "overall_f1": 0.49097472924187724,
  "per_entity": {
    "CITY": {
      "precision": 0.417910447761194,
      "recall": 0.9333333333333333,
      "f1": 0.5773195876288659
    },
    "CREDIT_CARD": {
      "precision": 0.5961538461538461,
      "recall": 0.7380952380952381,
      "f1": 0.6595744680851063
    },
    "DATE": {
      "precision": 0.32142857142857145,
      "recall": 0.32142857142857145,
      "f1": 0.32142857142857145
    },
    "EMAIL": {
      "precision": 0.5217391304347826,
      "recall": 0.6,
      "f1": 0.5581395348837209
    },
    "LOCATION": {
      "precision": 0.0,
      "recall": 0.0,
      "f1": 0.0
    },
    "PERSON_NAME": {
      "precision": 0.5428571428571428,
      "recall": 0.8636363636363636,
      "f1": 0.6666666666666666
    },
    "PHONE": {
      "precision": 0.32894736842105265,
      "recall": 0.4716981132075472,
      "f1": 0.3875968992248062
    }
  },
  "pii": {
    "precision": 0.4641350210970464,
    "recall": 0.5945945945945946,
    "f1": 0.5213270142180095
  },
  "non_pii": {
    "precision": 0.7681159420289855,
    "recall": 0.8412698412698413,
    "f1": 0.8030303030303031
  }
}