{
  "overall": {
    "pii_precision_micro": 0.4641350210970464,
    "pii_recall_micro": 0.5945945945945946,
    "pii_f1_micro": 0.5213270142180095,
    "overall_precision_micro": 0.4444444444444444,
    "overall_recall_micro": 0.5483870967741935,
    "overall_f1_micro": 0.49097472924187724
  },
  "per_entity": {
    "CITY": {
      "precision": 0.417910447761194,
      "recall": 0.9333333333333333,
      "f1": 0.5773195876288659
    },
    "CREDIT_CARD": {
      "precision": 0.5961538461538461,
      "recall": 0.7380952380952381,
      "f1": 0.6595744680851063
    },
    "DATE": {
      "precision": 0.32142857142857145,
      "recall": 0.32142857142857145,
      "f1": 0.32142857142857145
    },
    "EMAIL": {
      "precision": 0.5217391304347826,
      "recall": 0.6,
      "f1": 0.5581395348837209
    },
    "LOCATION": {
      "precision": 0.0,
      "recall": 0.0,
      "f1": 0.0
    },
    "PERSON_NAME": {
      "precision": 0.5428571428571428,
      "recall": 0.8636363636363636,
      "f1": 0.6666666666666666
    },
    "PHONE": {
      "precision": 0.32894736842105265,
      "recall": 0.4716981132075472,
      "f1": 0.3875968992248062
    }
  },
  "latency": {
    "p50_ms": 8.52,
    "p95_ms": 12.03,
    "runs": 30
  }
}