{
  "overall": {
    "pii_precision_micro": 0.6532663316582915,
    "pii_recall_micro": 0.7027027027027027,
    "pii_f1_micro": 0.6770833333333334,
    "overall_precision_micro": 0.547945205479452,
    "overall_recall_micro": 0.6451612903225806,
    "overall_f1_micro": 0.5925925925925926
  },
  "per_entity": {
    "CITY": {
      "precision": 0.42028985507246375,
      "recall": 0.9666666666666667,
      "f1": 0.5858585858585859
    },
    "CREDIT_CARD": {
      "precision": 0.7254901960784313,
      "recall": 0.8809523809523809,
      "f1": 0.7956989247311828
    },
    "DATE": {
      "precision": 0.6428571428571429,
      "recall": 0.6428571428571429,
      "f1": 0.6428571428571429
    },
    "EMAIL": {
      "precision": 0.775,
      "recall": 0.775,
      "f1": 0.775
    },
    "LOCATION": {
      "precision": 0.041666666666666664,
      "recall": 0.030303030303030304,
      "f1": 0.03508771929824561
    },
    "PERSON_NAME": {
      "precision": 0.8333333333333334,
      "recall": 0.9090909090909091,
      "f1": 0.8695652173913043
    },
    "PHONE": {
      "precision": 0.42857142857142855,
      "recall": 0.4528301886792453,
      "f1": 0.44036697247706424
    }
  },
  "latency": {
    "p50_ms": 6.58,
    "p95_ms": 8.58,
    "runs": 30
  }
}