{
  "macro_f1": 0.24569605900367714,
  "overall_precision": 0.28493150684931506,
  "overall_recall": 0.41935483870967744,
  "overall_f1": 0.3393148450244698,
  "per_entity": {
    "CITY": {
      "precision": 0.06451612903225806,
      "recall": 0.06666666666666667,
      "f1": 0.06557377049180328
    },
    "CREDIT_CARD": {
      "precision": 0.3181818181818182,
      "recall": 0.6666666666666666,
      "f1": 0.43076923076923074
    },
    "DATE": {
      "precision": 0.0,
      "recall": 0.0,
      "f1": 0.0
    },
    "EMAIL": {
      "precision": 0.3333333333333333,
      "recall": 0.8,
      "f1": 0.47058823529411764
    },
    "LOCATION": {
      "precision": 0.0,
      "recall": 0.0,
      "f1": 0.0
    },
    "PERSON_NAME": {
      "precision": 0.2608695652173913,
      "recall": 0.5454545454545454,
      "f1": 0.3529411764705882
    },
    "PHONE": {
      "precision": 0.30927835051546393,
      "recall": 0.5660377358490566,
      "f1": 0.4
    }
  },
  "pii": {
    "precision": 0.33532934131736525,
    "recall": 0.6054054054054054,
    "f1": 0.43159922928709055
  },
  "non_pii": {
    "precision": 0.12903225806451613,
    "recall": 0.06349206349206349,
    "f1": 0.0851063829787234
  }
}