{
  "macro_f1": 0.7846424118839114,
  "overall_precision": 0.7490196078431373,
  "overall_recall": 0.7795918367346939,
  "overall_f1": 0.764,
  "per_entity": {
    "CITY": {
      "precision": 0.9444444444444444,
      "recall": 1.0,
      "f1": 0.9714285714285714
    },
    "CREDIT_CARD": {
      "precision": 0.7708333333333334,
      "recall": 0.8409090909090909,
      "f1": 0.8043478260869567
    },
    "DATE": {
      "precision": 1.0,
      "recall": 1.0,
      "f1": 1.0
    },
    "EMAIL": {
      "precision": 0.6222222222222222,
      "recall": 0.6666666666666666,
      "f1": 0.6436781609195403
    },
    "LOCATION": {
      "precision": 0.8285714285714286,
      "recall": 0.9354838709677419,
      "f1": 0.8787878787878788
    },
    "PERSON_NAME": {
      "precision": 0.8181818181818182,
      "recall": 0.6206896551724138,
      "f1": 0.7058823529411765
    },
    "PHONE": {
      "precision": 0.4666666666666667,
      "recall": 0.5121951219512195,
      "f1": 0.48837209302325585
    }
  },
  "pii": {
    "precision": 0.6956521739130435,
    "recall": 0.7111111111111111,
    "f1": 0.7032967032967032
  },
  "non_pii": {
    "precision": 0.8873239436619719,
    "recall": 0.9692307692307692,
    "f1": 0.9264705882352942
  }
}