{
  "macro_f1": 0.15935477322589967,
  "overall_precision": 0.2581699346405229,
  "overall_recall": 0.33760683760683763,
  "overall_f1": 0.29259259259259257,
  "per_entity": {
    "CITY": {
      "precision": 0.0,
      "recall": 0.0,
      "f1": 0.0
    },
    "CREDIT_CARD": {
      "precision": 0.3191489361702128,
      "recall": 0.7317073170731707,
      "f1": 0.4444444444444444
    },
    "DATE": {
      "precision": 0.0,
      "recall": 0.0,
      "f1": 0.0
    },
    "EMAIL": {
      "precision": 0.2631578947368421,
      "recall": 0.9210526315789473,
      "f1": 0.40935672514619886
    },
    "LOCATION": {
      "precision": 0.0,
      "recall": 0.0,
      "f1": 0.0
    },
    "PERSON_NAME": {
      "precision": 0.0,
      "recall": 0.0,
      "f1": 0.0
    },
    "PHONE": {
      "precision": 0.2153846153846154,
      "recall": 0.3333333333333333,
      "f1": 0.2616822429906542
    }
  },
  "pii": {
    "precision": 0.4641638225255973,
    "recall": 0.7472527472527473,
    "f1": 0.5726315789473685
  },
  "non_pii": {
    "precision": 0.0,
    "recall": 0.0,
    "f1": 0.0
  }
}