{
  "macro_f1": 0.9648298250215056,
  "overall_precision": 0.9539748953974896,
  "overall_recall": 0.9743589743589743,
  "overall_f1": 0.9640591966173362,
  "per_entity": {
    "CITY": {
      "precision": 1.0,
      "recall": 1.0,
      "f1": 1.0
    },
    "CREDIT_CARD": {
      "precision": 0.9512195121951219,
      "recall": 0.9512195121951219,
      "f1": 0.9512195121951219
    },
    "DATE": {
      "precision": 0.9333333333333333,
      "recall": 0.9333333333333333,
      "f1": 0.9333333333333333
    },
    "EMAIL": {
      "precision": 0.9230769230769231,
      "recall": 0.9473684210526315,
      "f1": 0.935064935064935
    },
    "LOCATION": {
      "precision": 1.0,
      "recall": 1.0,
      "f1": 1.0
    },
    "PERSON_NAME": {
      "precision": 0.9375,
      "recall": 0.9782608695652174,
      "f1": 0.9574468085106383
    },
    "PHONE": {
      "precision": 0.9545454545454546,
      "recall": 1.0,
      "f1": 0.9767441860465117
    }
  },
  "pii": {
    "precision": 0.9411764705882353,
    "recall": 0.967032967032967,
    "f1": 0.953929539295393
  },
  "non_pii": {
    "precision": 1.0,
    "recall": 1.0,
    "f1": 1.0
  }
}