{
  "overall": {
    "pii_precision_micro": 0.9411764705882353,
    "pii_recall_micro": 0.967032967032967,
    "pii_f1_micro": 0.953929539295393,
    "overall_precision_micro": 0.9539748953974896,
    "overall_recall_micro": 0.9743589743589743,
    "overall_f1_micro": 0.9640591966173362
  },
  "per_entity": {
    "CITY": {
      "precision": 1.0,
      "recall": 1.0,
      "f1": 1.0
    },
    "CREDIT_CARD": {
      "precision": 0.9512195121951219,
      "recall": 0.9512195121951219,
      "f1": 0.9512195121951219
    },
    "DATE": {
      "precision": 0.9333333333333333,
      "recall": 0.9333333333333333,
      "f1": 0.9333333333333333
    },
    "EMAIL": {
      "precision": 0.9230769230769231,
      "recall": 0.9473684210526315,
      "f1": 0.935064935064935
    },
    "LOCATION": {
      "precision": 1.0,
      "recall": 1.0,
      "f1": 1.0
    },
    "PERSON_NAME": {
      "precision": 0.9375,
      "recall": 0.9782608695652174,
      "f1": 0.9574468085106383
    },
    "PHONE": {
      "precision": 0.9545454545454546,
      "recall": 1.0,
      "f1": 0.9767441860465117
    }
  },
  "latency": {
    "p50_ms": 31.19984999989356,
    "p95_ms": 40.32999999981257,
    "runs": 30,
    "model_size_mb": 253.19829940795898,
    "model_size_quantized_mb": 63.299574851989746
  }
}