{
  "macro_f1": 0.7390842585641729,
  "overall_precision": 0.6902985074626866,
  "overall_recall": 0.7551020408163265,
  "overall_f1": 0.7212475633528265,
  "per_entity": {
    "CITY": {
      "precision": 0.868421052631579,
      "recall": 0.9705882352941176,
      "f1": 0.9166666666666667
    },
    "CREDIT_CARD": {
      "precision": 0.7142857142857143,
      "recall": 0.9090909090909091,
      "f1": 0.8
    },
    "DATE": {
      "precision": 1.0,
      "recall": 1.0,
      "f1": 1.0
    },
    "EMAIL": {
      "precision": 0.6,
      "recall": 0.6428571428571429,
      "f1": 0.6206896551724138
    },
    "LOCATION": {
      "precision": 0.7222222222222222,
      "recall": 0.8387096774193549,
      "f1": 0.7761194029850746
    },
    "PERSON_NAME": {
      "precision": 0.7083333333333334,
      "recall": 0.5862068965517241,
      "f1": 0.6415094339622641
    },
    "PHONE": {
      "precision": 0.4,
      "recall": 0.43902439024390244,
      "f1": 0.4186046511627907
    }
  },
  "pii": {
    "precision": 0.6597938144329897,
    "recall": 0.7111111111111111,
    "f1": 0.6844919786096256
  },
  "non_pii": {
    "precision": 0.7972972972972973,
    "recall": 0.9076923076923077,
    "f1": 0.8489208633093526
  }
}