{
  "macro_f1": 0.8806883990036702,
  "overall_precision": 0.8611111111111112,
  "overall_recall": 0.9273504273504274,
  "overall_f1": 0.8930041152263375,
  "per_entity": {
    "CITY": {
      "precision": 0.696969696969697,
      "recall": 0.8214285714285714,
      "f1": 0.7540983606557378
    },
    "CREDIT_CARD": {
      "precision": 0.9285714285714286,
      "recall": 0.9512195121951219,
      "f1": 0.9397590361445782
    },
    "DATE": {
      "precision": 0.9333333333333333,
      "recall": 0.9333333333333333,
      "f1": 0.9333333333333333
    },
    "EMAIL": {
      "precision": 0.9024390243902439,
      "recall": 0.9736842105263158,
      "f1": 0.9367088607594938
    },
    "LOCATION": {
      "precision": 0.6129032258064516,
      "recall": 0.7916666666666666,
      "f1": 0.6909090909090909
    },
    "PERSON_NAME": {
      "precision": 0.9565217391304348,
      "recall": 0.9565217391304348,
      "f1": 0.9565217391304348
    },
    "PHONE": {
      "precision": 0.9318181818181818,
      "recall": 0.9761904761904762,
      "f1": 0.9534883720930233
    }
  },
  "pii": {
    "precision": 0.9361702127659575,
    "recall": 0.967032967032967,
    "f1": 0.9513513513513513
  },
  "non_pii": {
    "precision": 0.65625,
    "recall": 0.8076923076923077,
    "f1": 0.7241379310344829
  }
}