{
  "overall": {
    "pii_precision_micro": 0.9782608695652174,
    "pii_recall_micro": 0.989010989010989,
    "pii_f1_micro": 0.9836065573770493,
    "overall_precision_micro": 0.9830508474576272,
    "overall_recall_micro": 0.9914529914529915,
    "overall_f1_micro": 0.9872340425531915
  },
  "per_entity": {
    "CITY": {
      "precision": 1.0,
      "recall": 1.0,
      "f1": 1.0
    },
    "CREDIT_CARD": {
      "precision": 1.0,
      "recall": 1.0,
      "f1": 1.0
    },
    "DATE": {
      "precision": 0.9333333333333333,
      "recall": 0.9333333333333333,
      "f1": 0.9333333333333333
    },
    "EMAIL": {
      "precision": 1.0,
      "recall": 1.0,
      "f1": 1.0
    },
    "LOCATION": {
      "precision": 1.0,
      "recall": 1.0,
      "f1": 1.0
    },
    "PERSON_NAME": {
      "precision": 0.9375,
      "recall": 0.9782608695652174,
      "f1": 0.9574468085106383
    },
    "PHONE": {
      "precision": 1.0,
      "recall": 1.0,
      "f1": 1.0
    }
  },
  "latency": {
    "p50_ms": 53.91,
    "p95_ms": 64.28,
    "runs": 30
  }
}