{
  "overall": {
    "pii_precision_micro": 0.516,
    "pii_recall_micro": 0.7087912087912088,
    "pii_f1_micro": 0.5972222222222222,
    "overall_precision_micro": 0.44039735099337746,
    "overall_recall_micro": 0.5683760683760684,
    "overall_f1_micro": 0.49626865671641796
  },
  "per_entity": {
    "CITY": {
      "precision": 0.3333333333333333,
      "recall": 0.25,
      "f1": 0.28571428571428575
    },
    "CREDIT_CARD": {
      "precision": 0.5555555555555556,
      "recall": 0.8536585365853658,
      "f1": 0.673076923076923
    },
    "DATE": {
      "precision": 0.2,
      "recall": 0.2,
      "f1": 0.20000000000000004
    },
    "EMAIL": {
      "precision": 0.4111111111111111,
      "recall": 0.9736842105263158,
      "f1": 0.578125
    },
    "LOCATION": {
      "precision": 0.12903225806451613,
      "recall": 0.16666666666666666,
      "f1": 0.14545454545454548
    },
    "PERSON_NAME": {
      "precision": 0.6206896551724138,
      "recall": 0.391304347826087,
      "f1": 0.48
    },
    "PHONE": {
      "precision": 0.5471698113207547,
      "recall": 0.6904761904761905,
      "f1": 0.6105263157894737
    }
  },
  "latency": {
    "p50_ms": 36.66,
    "p95_ms": 40.47,
    "runs": 30
  }
}