{
  "macro_f1": 0.6238280610536661,
  "overall_precision": 0.5709459459459459,
  "overall_recall": 0.7222222222222222,
  "overall_f1": 0.6377358490566037,
  "per_entity": {
    "CITY": {
      "precision": 0.47619047619047616,
      "recall": 0.7142857142857143,
      "f1": 0.5714285714285714
    },
    "CREDIT_CARD": {
      "precision": 0.5932203389830508,
      "recall": 0.8536585365853658,
      "f1": 0.6999999999999998
    },
    "DATE": {
      "precision": 0.6666666666666666,
      "recall": 0.6666666666666666,
      "f1": 0.6666666666666666
    },
    "EMAIL": {
      "precision": 0.6222222222222222,
      "recall": 0.7368421052631579,
      "f1": 0.6746987951807228
    },
    "LOCATION": {
      "precision": 0.3235294117647059,
      "recall": 0.4583333333333333,
      "f1": 0.3793103448275862
    },
    "PERSON_NAME": {
      "precision": 0.7551020408163265,
      "recall": 0.8043478260869565,
      "f1": 0.7789473684210526
    },
    "PHONE": {
      "precision": 0.5384615384615384,
      "recall": 0.6666666666666666,
      "f1": 0.5957446808510638
    }
  },
  "pii": {
    "precision": 0.6363636363636364,
    "recall": 0.7692307692307693,
    "f1": 0.6965174129353234
  },
  "non_pii": {
    "precision": 0.40789473684210525,
    "recall": 0.5961538461538461,
    "f1": 0.48437500000000006
  }
}