{
  "overall": {
    "pii_precision_micro": 0.38283828382838286,
    "pii_recall_micro": 0.6444444444444445,
    "pii_f1_micro": 0.4803312629399586,
    "overall_precision_micro": 0.30990415335463256,
    "overall_recall_micro": 0.39591836734693875,
    "overall_f1_micro": 0.3476702508960573
  },
  "per_entity": {
    "CITY": {
      "precision": 0.0,
      "recall": 0.0,
      "f1": 0.0
    },
    "CREDIT_CARD": {
      "precision": 0.38028169014084506,
      "recall": 0.6136363636363636,
      "f1": 0.4695652173913043
    },
    "DATE": {
      "precision": 0.0,
      "recall": 0.0,
      "f1": 0.0
    },
    "EMAIL": {
      "precision": 0.31896551724137934,
      "recall": 0.8809523809523809,
      "f1": 0.46835443037974683
    },
    "LOCATION": {
      "precision": 0.0,
      "recall": 0.0,
      "f1": 0.0
    },
    "PERSON_NAME": {
      "precision": 0.07142857142857142,
      "recall": 0.034482758620689655,
      "f1": 0.046511627906976744
    },
    "PHONE": {
      "precision": 0.3137254901960784,
      "recall": 0.7804878048780488,
      "f1": 0.44755244755244755
    }
  },
  "latency": {
    "p50_ms": 5.64,
    "p95_ms": 6.45,
    "runs": 30
  }
}