{
  "overall": {
    "pii_precision_micro": 0.5818181818181818,
    "pii_recall_micro": 0.7111111111111111,
    "pii_f1_micro": 0.64,
    "overall_precision_micro": 0.6305084745762712,
    "overall_recall_micro": 0.7591836734693878,
    "overall_f1_micro": 0.688888888888889
  },
  "per_entity": {
    "CITY": {
      "precision": 0.8421052631578947,
      "recall": 0.9411764705882353,
      "f1": 0.8888888888888888
    },
    "CREDIT_CARD": {
      "precision": 0.546875,
      "recall": 0.7954545454545454,
      "f1": 0.6481481481481481
    },
    "DATE": {
      "precision": 0.9583333333333334,
      "recall": 0.9583333333333334,
      "f1": 0.9583333333333334
    },
    "EMAIL": {
      "precision": 0.7333333333333333,
      "recall": 0.7857142857142857,
      "f1": 0.7586206896551724
    },
    "LOCATION": {
      "precision": 0.7027027027027027,
      "recall": 0.8387096774193549,
      "f1": 0.7647058823529411
    },
    "PERSON_NAME": {
      "precision": 0.7727272727272727,
      "recall": 0.5862068965517241,
      "f1": 0.6666666666666667
    },
    "PHONE": {
      "precision": 0.3076923076923077,
      "recall": 0.4878048780487805,
      "f1": 0.37735849056603776
    }
  },
  "latency": {
    "p50_ms": 28.920499999912863,
    "p95_ms": 36.689900000055786,
    "runs": 30,
    "model_size_mb": 253.19829940795898,
    "model_size_quantized_mb": 63.299574851989746
  }
}