{
  "macro_f1": 0.3377676726202577,
  "overall_precision": 0.3164179104477612,
  "overall_recall": 0.452991452991453,
  "overall_f1": 0.3725834797891037,
  "per_entity": {
    "CITY": {
      "precision": 0.15625,
      "recall": 0.17857142857142858,
      "f1": 0.16666666666666666
    },
    "CREDIT_CARD": {
      "precision": 0.37662337662337664,
      "recall": 0.7073170731707317,
      "f1": 0.4915254237288135
    },
    "DATE": {
      "precision": 0.46153846153846156,
      "recall": 0.4,
      "f1": 0.42857142857142855
    },
    "EMAIL": {
      "precision": 0.36082474226804123,
      "recall": 0.9210526315789473,
      "f1": 0.5185185185185185
    },
    "LOCATION": {
      "precision": 0.21428571428571427,
      "recall": 0.25,
      "f1": 0.23076923076923075
    },
    "PERSON_NAME": {
      "precision": 0.2727272727272727,
      "recall": 0.13043478260869565,
      "f1": 0.1764705882352941
    },
    "PHONE": {
      "precision": 0.2878787878787879,
      "recall": 0.4523809523809524,
      "f1": 0.3518518518518519
    }
  },
  "pii": {
    "precision": 0.45454545454545453,
    "recall": 0.6868131868131868,
    "f1": 0.5470459518599562
  },
  "non_pii": {
    "precision": 0.18333333333333332,
    "recall": 0.21153846153846154,
    "f1": 0.1964285714285714
  }
}